founder,event_count,follow_count,fan_count
云音乐智能推荐,4,3,502.84
KillBunny,1,26,219.57
______飏,160,218,29.1
孤单又灿烂的神丨鬼怪,103,47,40.53
chaz1,32,56,335.75
Lscheese,50,97,48.12
宸极Cody,0,111,26.63
我鲁班不坑,26,1,152.39
沐辰style,2,68,21.45
Vxe-,6,95,9.32
HUMAN00,158,249,282.31
RJH国荣,1,9,16.79
冷森Listen,44,118,181.43
3KALIA,17,56,16.06
宝藏男孩咕咕,4,18,25.06
想养金毛的Apple,10,26,109.54
野猫不乖哦,0,2,4.06
云音乐智能推荐,4,3,502.84
KillBunny,1,26,219.57
______飏,160,218,29.1
孤单又灿烂的神丨鬼怪,103,47,40.53
chaz1,32,56,335.75
Lscheese,50,97,48.12
宸极Cody,0,111,26.63
我鲁班不坑,26,1,152.39
沐辰style,2,68,21.45
Vxe-,6,95,9.32
HUMAN00,158,249,282.31
RJH国荣,1,9,16.79
冷森Listen,44,118,181.43
3KALIA,17,56,16.06
宝藏男孩咕咕,4,18,25.06
想养金毛的Apple,10,26,109.54
野猫不乖哦,0,2,4.06
mayuko然,1426,19,1872.72
w柚w,37,8,10.15
爱打篮球的亮亮,7,10,15.24
Dexter_RV,3,22,4.52
茉瑾年,121,18,71.4
k二月来的洛瑶,18,129,8
柠檬木有枝,2658,188,1109.88
yxich01,30,182,9.9
爱老薛的坨坨,0,11,3.37
金州拉文fmvp,1,22,12.01
陪雨柔长大,0,3,10.22
Amber丶Queen,744,7,130.2
DISABLEman,87,97,20.83
念念念安娜,48,42,91.4
希望你每天都快乐yo,1,2,1.21
妍橙儿,0,5,17.46
喜爱吃糖的小小高,0,47,4.22
活该你风生水起,266,26,768.73
大白分享库,1,15,2.93
少年的半岛铁盒,582,200,155.97
爆肝工程师的狂想曲,287,43,65.76
时寁,10,27,5.96
惜白啦,5,6,5.72
她的水彩笔,426,66,387.41
LEYOONAFRIEND,0,4,45.24
今晚磕到死,7,64,5.98
欧美老猫,1762,319,125.44
迟到得到,59,16,64.73
这眼前美景与谁叙,6,106,3.08
ZRBSX,3,53,4.51
超爱吃火锅的o,1,4,0.83
Avada阿瓦达啃大瓜,21,85,18.16
NeilShine_,8,99,31.96
西柚甜,115,0,90.31
小sun是太阳,1,3,3.42
却与蝉声乱了琴,1,2,1.6
螚安Vivienne,2411,0,504.72
假衣,2,10,2.61
你的温柔既残酷,17,82,5.8
半颗番茄xi上学中,1,5,1.91
#NAME?,76,48,1.18
陪我去抓水母好吗,2,6,10.3
一生向海,186,140,72.7
FlyingClub,144,22,216.31
shakemyhead,189,101,215.67
Q子阳,1,12,1.5
Miss风范,81,29,30.16
-KooTo-,2378,1,488.64
YouTube视频推荐,8113,19,5970.87
宁遇夏,2813,18,899.29
喪甜老爹,0,0,107.34
雨露xixi,7,11,2.2
点落雨声轻叹,0,8,0.22
-情殇雨夜-,72,18,114.96
You和Basketball,0,8,2.91
Kaleidoscott,77,74,33.08
小攀哟,371,155,1535.75
Gotnofears_Show,2,52,1.73
小铁Joe,61,43,140.5
小耀AAA,2,4,16.74
柒柒柒如是,46,23,2.34
gentlemenc,1,12,2.06
于_怀_,4,14,1.81
小豪小豪是个乖宝,7,51,97.41
濑红莉栖,61,4,13.68
一只傻高天,4,5,3.54
桑菲尔德L,32,19,31.43
十三逆旅Cobain,114,40,34.9
仇远旭a,0,1,366.42
好好啃书,11,19,3.32
NickJonasCN,795,137,34.56
欧美音乐杂货铺,5244,429,209.39
SIRTEEN_Beijing,131,96,48.79
金暗洙,35,100,152.64
JeanaChong,178,11,2.54
Audrey江挽,119,5,1.78
--仙气撩人--,50,19,2.4
宇宙徒步旅行家,74,7,93.15
Ceaoee,184,30,133.42
还找得到吗,18,9,2.35
Joceah,7,103,5.3
Gucanbt040,0,2,1.89
远房小姑,2,5,1.34
大祸祸-二文,901,0,692.18
楼船夜雪天,1028,108,80.34
余志枭,0,53,1.29
灵魂超市收破旧灵魂没人要的灵魂,362,77,132.82
樱桃味音乐,415,15,72.25
李小楚,43,23,4138.43
云村_阿宇哥呦,1,0,1.46
格格酱GG,17,10,52.98
逗比笑一个n,1,30,1.39
航鶴鶴收藏家,54,130,14.67
爱吃饺子的毕业生,221,41,50.15
邹海国,9,9,0.51
EricCheng-,112,87,67.37
许硕安_,2,3,1.68
oreo灵,5,31,23.86
谢宇航啊,30,444,0.95
下一颗巧克力,794,77,546.75
情思天鹅,4764,42,2561.14
云音乐歌单之友,892,238,2079.43
迟到情书,352,21,943.14
小困吃饱了-,38,12,1.74
Double_TRAP,0,2,0.01
不哴酒精嗜号灯,51,17,1.89
山河暮归,27,101,122.14
田秋飒,136,117,19.74
欧美驿站,0,5,0.14
TeMpT-y,11,4,6.51
艾琳艾德勒丶,274,161,871.99
兮香,4,9,13.93
璎璎qaq,0,4,2.06
cwyxbmlike,4,4,0.48
抖音小程序,4,4,2.12
赛赛尔啊,12,48,11.7
陌路繁华-,984,373,76.73
NickyRomero,754,288,746.65
博儿要努力奋斗up,3,2,1.99
倒闭的才华有限公司,6,24,2.11
鹿北浠,97,49,104.11
原点FM,602,80,2206.4
温柔网友随心先生,0,1,1.57
_卋罖_,7,0,0.98
TaylorSwiftUpdates,1341,39,104.76
soAoAyEDM,2145,423,204.71
Sauce420,24,218,8.43
超级喜欢喝可乐,0,3,0.03
梵浩-,0,10,0.49
酥糖今天笑了嘛,0,6,1.35
-nullllun-,0,0,56.38
你尽管哭有人安慰你算我输,1,9,2.31
dd只会嘤嘤嘤,0,107,1.27
BAEK-J,37,37,96.52
pure日月,1740,87,544
Papi_Yolanda,3,22,0.49
梧桐影木丶,34,35,11.39
早就不i了,1,0,2.56
Areal肥阳,665,272,533.92
仲山奥理,46,86,2
没有茗梓,0,11,0.61
荒墨Kurihara,109,105,186.65
谐星七十六号,691,433,83.8
师兄不叫思松,87,202,68.75
olly的牙缝,147,135,405.1
DEF-X,2,105,1.87
迈克-W,1,7,12.75
白羊爱上了双子,6,10,1.53
Babyheart2,13,15,0.15
言云清,3,70,1.15
欢欢-e,0,0,1.79
pppeepsi,11,17,1.03
Thunder_bee,29,1221,15.11
傻傻傻傻傻了,287,0,145.11
DjRcheng,4,62,9.37
星空君说宇宙,0,5,8.98
尤文杰BBLin,48,95,8.91
Nurali-FM,61,763,21.18
SaSaSNSD,2,13,0.49
你是人间失策,0,6,3
hentai小绅士-,24,124,54.57
时光如水你好,1628,139,368.44
DJstrong,1,1,0.68
可你怎么总是忘记我很爱你,240,30,200.55
不知名追星少女,1,27,1.02
宇宙播报机,23,97,11.25
蝶影丛虫,0,53,209.34
Hu-cares_,1,1,0.44
传说中的蛙神,0,27,0.2
节奏水枪Beat_WaterPistol,0,11,15.15
鱼骨与飞鸟集,73,6,120.73
酒心怪獸,518,10,8.15
YoakeNatsu,20,75,47.67
麦月二七_,13,17,0.71
hhhiiiioo,0,4,0.04
流亡大街,3,180,45.72
Monstercat,1111,50,830.9
含着别吐,17,0,3.19
OedoKuipers,20,72,1.27
喝勺你的蛋白粉,1,5,6.69
望你眼中风起,553,43,114.28
ClairoToday,964,130,44.84
吴爱星双子,0,2,4.29
乐瑥x,15,62,3.49
正在高考的VY,0,56,82.49
Aog君,4,7,7.46
幽情花儿开,0,4,0.21
自问归处,0,3,0.51
哔哩哔哩音乐娘,43,78,223.94
喜欢就关注鸭,78,13,90.64
无法阻止自己堕落但浪漫不死,5,4,1.7
salaMu_,29,113,6.33
拯救世人的逗比,0,24,0.64
空气很颓废,678,70,463.45
听说你也在等雨晴,1,3,4.79
TRIPHOPP,161,61,4.06
执白j,14,21,0.59
宇智波Show,11,39,12.74
雪佛兰迈锐宝XL,0,2,0.99
LARE季风,0,25,0.87
-crystall-,8,5,1.37
阡屿_,3,7,0.48
原创君,7563,748,5290.72
xylitol-x,2,17,2.56
LovelyWICK,288,337,17.27
百龄容与,14,44,1.45
长夜看海,16,11,119.18
Re-End,1,19,1.49
Spyromun_,5,87,70.44
郭峰瑞Rui,5,9,11.88
-XxxGreyen-,115,67,74.54
吳-文-樂,37,1041,2.07
MusicalTimes,5035,111,305.64
小石头叔蜀,3,21,0.94
硬地原创音乐榜,56,40,81.35
烈雨,836,325,806.67
国风堂音乐企划,139,16,3587.93
会是猫的薛定谔,19,13,1.79
HHHHalsey,28,132,1.41
YellG-,10,127,0.88
冻鲫鱼,46,65,6.59
六年网易人,330,24,43.9
浩酱w,0,1,3.97
你今天真真真好看,27,43,27.79
宝藏男孩Simon,65,93,11.61
隐匿于蓝,12,30,23.2
Eliaukjuly,14,82,0.3
好色痞和尚啸先生,7,18,1.4
LeoOfficial,112,85,84.44
生活委员,2053,116,112.3
糯米小鲶鱼,0,11,0.69
苏打_苏打绿,9,14,6.11
何木期,0,3,5.71
夢燈籠-Cc,6,19,0.65
修行者之虚无,5,8,0.44
喜恶灵_,1,0,0.85
G1ockieD,4,7,0.63
2020最流行抖音歌曲,8,5,0.42
A-Yari,143,219,77.9
EdgarBob,0,27,0.27
早安达人,18,0,0.03
湫川,11,23,0.96
佐仓小小千代,543,437,630.77
剑仙xg,9,4,3230.55
池予xing,0,54,0.52
心动TroyeSivan,16,165,0.45
峯哥牛逼,19,13,7.19
小羊爱喝安慕希,3,9,0.59
蜜糖男孩,80,16,64.14
唯梦小战神,0,11,0.53
__八臂哪吒,1,1,1.33
你说是吧张小姐,0,13,2.04
CohenPu24,19,75,0.76
摇滾乌托邦,8,55,281.92
盼你多添一笔,2,1,0.93
Avendure,16,19,1.03
-秦琅-,0,6,0.36
XXXSUICIDE,11,28,1.44
辭別九州190127,30,18,0.28
爱听歌的狗大叔,48,10,178.38
归航有时,12,25,1.49
是在偷看月亮吗,12,58,0.42
陈易大叔,0,4,0.38
战1辞噗噗噗,0,0,1.96
钟泽希,33,54,229.16
君子别动口,10,11,0.63
橘子味儿的小笼包,10,5,0.14
GnaScheY,16,17,2.25
小小洛NaMI,36,160,0.41
西门子家电,0,0,1.01
Spectual,3448,672,311.77
Nurfefe-official,753,6,112.43
顾奈文案馆,115,75,39.97
音乐收藏者010,0,73,0.8
海绵宝宝不喜欢黄色,13,27,0.13
Galaxy银河映像,37,7,1.7
沐歌0720,654,357,1.87
纸长情短1998,20,25,0.26
i看美剧,59,24,53.25
fantab01,35,28,1.69
贩卖故事的少年,222,19,25.7
浪漫仅供参考,57,44,13.42
KarmaTenzing,3,5,5.15
ChelseaLucifer,0,56,0.05
后原,38,0,63.81
TJ_KING,101,12,17.87
_wy彩x,16,21,0.42
是社长吖,3334,55,1737.92
后现代养猪专业户,12,70,2.62
糊里糊涂的傻妮,5,17,0.64
奈小乐_CIwd,2,57,0.66
小晗爱吃鳗鱼饭,1,178,10.99
抖音热门中文DJU盘,10,9,0.45
白搭a,2,19,0.21
Kite汐倾,1,36,1.17
隔壁佬郝人,12,25,1.31
秋月和诗,40,46,24.08
久我山不是山,10,1,5.16
羊羊小毛衣,0,13,34.09
网易音乐人木然,222,5,29.79
路游里,14,9,50.6
叫我温老师,15,44,11.81
予妳晚风,6,2,27.6
稀饭奶盖-,20,25,12.07
WandWOfficial,521,3,2120.68
野比沁沁,184,13,2.85
独行的棕鹿,925,30,1115.89
月溪影月晴,1,3,0.73
天不生沈小巍,0,2,0.49
鸭头_张辞慕,0,16,0.8
硬体PlagueOutbreak,251,88,23.63
我自清欢丨被嫌弃的唐唐的一生,158,428,48.91
你在我眼中真的很特别k,4,5,0.23
艾克-Aik,3,12,2.27
围豆,2,24,0.1
MaYX呢,3,19,0.5
井頸,1,6,0.47
loupurple,49,0,9.6
我没有熬夜,0,1,11.89
云音乐樱花酱,407,10,333
真草莓味鸡胸肉,219,92,44.16
以顾淮,2,11,0.45
Hama啊,6,98,0.42
浪漫散文诗,49,99,10.71
酥先生在吗,0,1,3.39
小街那愿,5,23,0.58
充气马桶,2,38,1.16
奈奈生晴子,25,29,0.4
烟紫色的猫,27,73,0.5
张斯麒,11,70,116.73
AlexWernberg,104,337,5.62
鼻毛壮汉,115,72,0.36
会写情书的老太婆,33,0,2.73
王唯灿,29,59,6.58
流年忧光影,415,7,429.11
YouTube热门日推,10574,327,3739.06
邓蕤桐,26,1,9.69
你喜欢阑珊吗,0,9,0.3
循光,429,374,96.06
天才麻瓜少年,2233,667,48.38
星际怪客-艾斯卡尔和佐培尔,7,16,0.58
周二下午八点,5,257,4.94
Tao-YuUp,2,61,0.68
仙女爱吃香菜_,0,4,0.27
百事可乐中国董事,1,8,18.24
#NAME?,2,13,0.64
用户2130026413,13,193,2.24
一个酷爱听歌的骚年,3,31,276.97
与银河对视,1034,12,293.35
WZy_Bi,4,42,7.06
若水玖惜,1,647,0.41
白净亭,301,22,882.62
原来网易云的名字真的可以超级长,24,16,1.48
pop-out,8,18,0.51
Charlie_Puth资讯,4030,169,154.69
儒雅随和LILITI,53,282,0.99
PSYKE_MUSIC,57,9,50.19
K-O-R,132,21,32.56
爱吃栗子的fairy_,8,0,0.57
黄子韬是底线biepeng,0,0,0.51
luckyboy周大发,2,80,114.73
翠花花呀,61,69,2.19
DjFoRRay,10,704,9.41
臣服温柔_SUGA,0,57,5.04
FeverJ,4574,259,52.77
帐号已注销,20,105,8.93
芦娃还是小学生,13,29,0.18
草右山一几,0,16,1.02
welphenEDM,11430,670,8353.07
Flowing-light-years,1,24,0.27
请你一直开心,221,54,5.86
子沫M,165,98,15.9
小福贵咖啡RICHIE,114,13,9.41
RYON-JAY,70,348,10.43
Wanune,6,1,5.7
风之君临,5146,100,230.13
梦梦超努力,0,21,0.44
_今夜月亮邮递员_,0,17,0.29
听说你在等风起,2,2,0.84
花花甜莓日系,0,49,0.54
曲库小护士,155,257,1471.37
薛定谔的缝纫机,646,157,503.39
拓荒者2015,196,295,0.9
shu舒克_,1,43,5.54
杂七杂八_NXC,0,67,0.22
冷艳争春喜烂然,453,395,0.82
仍未飘落的雪,165,75,1.7
zhaoshuya-,0,3,0.43
OKeith,212,106,10.65
你也不曾忘记吗,0,50,0.23
Ferhat吸血鬼,16,1,23.15
AOSAEK,3,42,0.44
鹿白川,863,24,1284.16
霓虹小知音Nihonico,55,126,61.39
江辞超nice,1,2,0.14
君若一盏清茗,85,34,15.2
錦篞学妹,10,34,0.5
intropinrevivan,9,24,79.33
来大碗香菜,0,69,0.37
欢酹,40,43,44.14
Kolerchn-,74,94,16.05
菠菜含有铁,4,9,0.09
Enwar-722,29,519,17.48
-----Vincent----,190,10,0.78
正在数月亮,84,103,0.47
岛屿Soliloquy,585,125,194.06
5938ruzi,119,297,0.82
Bzstrive,27,72,34.99
ARMyphoria伊柾,867,55,14.17
Jo太_,0,64,147.2
恨禁,36,1,47.32
初萌子,91,185,4.57
Slim_Dyane,14,33,20.12
苏奕杰,56,25,109.31
阿麟等佩奇的爱,0,13,0.29
喜欢处女座的说唱歌手-孟琦,28,74,34.99
柯迪基柯,14,4,1139.17
清晨丢了,5,29,4.81
Unexplainable,686,289,46.73
高呗,0,19,0.58
Junopple,14,19,0.68
Sanubar_Tursun,11,40,223.63
RNG子轩,17,45,0.21
攀狼Sir,3,16,6.43
小调调DT,4,5,0.35
ChokeWhale,546,152,46.63
#NAME?,0,9,0.33
安瑟尔ii,90,17,9.09
lilcool19,0,4,0.78
Fu疯狂犯罪ck光哥,22,3,0.29
gioanna,24,73,1.95
Yxxxi_,0,77,0.33
性案,0,0,7.63
卡哇伊哦a,17,4,924.44
薄荷猫晒太阳,716,291,147.52
亟待解决66,116,113,2.99
minnn1801,3,67,1
lyovte,3,22,0.12
叶逐天,71,1284,68.69
Pistazien,572,69,147.38
红毛要九_biu,407,21,10.64
TExxv,11,62,20.01
ZONEWEE,4,7,0.35
飞行棋的猫mor,75,11,60.52
Z-Y-04,0,1,0.2
Blue_sky_smile,2,4,0.06
AJklf,0,1,0.54
Aa丶冰雪碧,0,11,0.04
叶航成女友粉,2,34,0.28
Ablajan-Awut-Ayup-专享营,12,3,2.68
萌娘Max,89,593,13.27
GdistanceY,3,8,0.23
有容01,19,27,2.58
ServerHeng,47,223,0.61
海岛度假Santorini,3658,297,392.1
AK爱小妹妹,0,1,0.11
alim_721,4,0,0.54
林寒叶,1,4,0.21
S安奕,0,45,0.44
fffffeb,9,11,0.3
babeejoey,18,72,0.47
消逝的洛依成,0,38,30.55
铺垫先生,245,131,5.47
愿唯_VdmR,1,15,0.22
流云薇眠0114,9,0,0.41
临l城,9,33,0.46
G-DRAGON--_-,1,38,0.17
是耀温顺,67,7,1471.12
PB火云,2,40,0.29
荞荞荞麦面,1,30,0.12
JazzLove,10,34,28.39
是月月哦QWQ,10,16,10.31
一桶热可可,82,58,9.46
NiezzZzzz,1,9,4.83
Vincent梵高先生,8,9,0.42
老爹揍扁了阿福,9,144,0.29
华晨宇全球歌迷会,491,8,582.89
四季里的懒睡猫,1,13,60.4
我们再重蹈覆辙好不好Re,0,18,2.53
MARIA-HILFT,8,45,0.26
雨秋-昴子,196,156,25.94
别忘Ctrl-s,13,39,0.47
蘼桜,228,23,54.09
只是一只小猫咪x,13,30,0.33
真咸鱼饼干,2,22,9.17
烟雾男孩Smogboy,6,148,1.55
c17869,0,2,0.95
熊肉日记,20,39,0.56
黑马音乐秀,17,28,9.09
lovzeros,12,21,7.06
Whas_up,5,17,1.32
Kesha_EDM,320,286,13.24
SCARBOIT,0,124,0.34
qhostbaby,2,4,0.31
HolyGrail98888,81,1,95.71
Deosi,18,1,0.31
JoeyKim,1,3,0.14
l友人B,124,31,14.21
车车车车车车贤啊,11,4,0.21
大锤Hammer,0,35,6.74
CallMeProphet,47,16,6.74
NULL-DreamKiller,126,75,1.68
炸肉,5,59,0.18
jens_peter,26,58,0.15
奇怪的猫先生,1,39,0.05
FunYH-,4,14,0.54
舒芙蕾蕾蕾,3,2,0.03
munjeongyi,2,21,0.04
少女掠夺哈_木马,29,143,1.7
天神院院长,8197,388,51.53
娇娇-HY,2,16,0.29
帅的SHT,12,36,8.14
月亮解忧店,402,172,230.19
不弧,1,1,42.51
Aimee_玉儿,0,4,0.02
Tetraethyl-lead,0,20,0.09
芣婹谁唻怜惜,0,12,0.25
SanderVanDoorn,61,91,36.64
玫lin,10,46,0.08
Ekko-7,429,279,60.04
謬湝,17,16,0.08
我爱洗澡我爱洗澡我爱洗澡,0,18,0.13
ks搜索还在,0,6,0.16
养猪的小王啊,1,8,0.34
landsa,4,2,0.23
和你漫入银河,14,175,3.6
鲸落遇鹿,1,95,0.74
是喪尸,233,28,81.11
你的顾柒柒_cc,75,144,30.37
梦芙,7,8,0.44
亏普,2806,104,202.12
Munisa_Rizaeva,28,529,286.87
_南鸽先生_,19,3,2.75
今天和猪蹄一起玩,0,7,1.68
良人眷属,0,10,0.1
HSY凪,1,8,3.52
COAST_MUSIC,349,2,81.71
COSMIC_DREAM,8,8,50.28
笑脸是悲伤的面纱C,15,10,3.76
Crime-Angel,32,57,0.29
实习秧歌巨星,0,9,0.09
GOCHEN4L,13,11,0.19
雪村透,2149,17,17.21
快乐收藏音乐者,8,45,0.5
DJRIBBIT,1,60,0.39
肆爷宝贝,7,93,0.13
feisihnglaai,2,96,5.75
浮梵闪亮亮,2,13,0.08
江辉巨,0,3,0
到达终点,128,3,0.02
Rhaast,14,33,21.81
我要逃学威龙,21,54,11.38
蚕豆音乐娘,25,56,173.09
小新星爱听歌,66,5,0.91
xxxwizkhalifa,4,36,0.28
附窗子酱,6,57,0.34
葬月飘零Dovah,7,29,0.85
Aelief-东宫,4,27,2.15
Dessen_58,2,5,0.16
HarkingZhong,34,30,29.49
Lauv,386,10,8801.39
我有一堆好歌单,7,49,0.62
艺术是人优质魅力的体现,2,20,0.35
空虚小编,1951,408,2739.64
刘墨言啊,0,1,0.09
IrvingBrooklyn,15,11,0.26
小魏阿丶,0,34,0.2
郑帝元的宝贝贝,0,111,0.06
大刘在网易云避难,2,47,0.36
环球音乐国际部,1424,78,2689.53
斯布雷德,1,51,0.37
小米渣吖吖,1,18,0.24
珩萧雨溪,42,339,4.49
HelloVampire0,33,51,1.27
不着棋,13,28,0.33
尽力局jfx,0,0,0.19
陌涵Moan,63,15,16.09
秋刀鱼爱起司猫,0,20,0.08
高旻老公,44,43,167.99
-弘木-,150,666,27.99
云村看门大爷,0,29,0.11
墨汁r,4,19,0.48
Ezekielzz,4,30,0.83
吴小夫夫夫,1,0,0.51
EVILD0G,1,8,15.03
翩然而至x,6,31,0.19
KID_tilXLHI,5,15,3.85
BilalEnwer,117,48,2163.1
WLU-Sunny,65,2,3.37
mirror镜子先生,18,34,4.05
掌上Club,5,1,514.7
是阿辞辞啊,0,21,1.25
K1star_,0,148,6.1
李尸僵,93,70,0.71
死後長眠,0,3,1.1
常住在黑名单,0,8,0.11
Jermyn-y,6,27,0.88
Anwar-Turak,14,8,8.15
诺七ya,0,1,0.15
苦口师kks,0,3,0.41
咖啡影音,90,7,284.54
fragilefairy,140,35,0.9
在山,2,4,1.23
甲鱼cjy,0,9,0.15
钉钉_cF,0,4,0.03
Nicole稚子,2,47,0.79
温柔的玖,0,1,0.41
浪琴表Longines,0,3,0.12
北方易先生,368,0,291.28
刘路遥小朋友,0,6,0.25
杰希不会Outoftune,0,3,3.68
我最近又膨胀了,61,50,3.44
Jesse-Qian,395,22,2.24
BeerBadBlood,20,53,35.79
KIRIN_Music,242,50,41.74
csthinking,2,25,0.18
一只小菠萝__,15,12,0.3
辽宁运气之王,15,8,7.31
没错我是蒋印钲Chiang_,4,44,0.72
AsuraZ,1,10,0.14
亦七r,0,1,0.08
决劣,34,0,53.45
张林白,0,3,0.03
这首歌让我感到陶醉,0,0,0.16
Screensho,1,25,0.1
每天过得都像复制粘贴般,7,41,2.18
TrapTV,659,0,69.49
约翰谢尔比A,2,2,0.91
ChenGa陈嘎,0,17,0.12
jueldz,0,17,0.35
chen__AORQ,0,3,0
飞船集团,2,3,0.01
LunarTinSau,0,8,3.65
言鸿_,2,16,0.15
小小的世界66,12,5,11.35
天黑见,3,9,3.08
HGrand,36,65,19.14
余生xiaozhan,0,73,1.81
Cover城南花已开,0,8,1.33
今天雷雨大风4-5级,24,6,0.05
斑马小说家,0,20,0.08
李雨科-lyk,13,10,0.01
puppy的士高,77,22,3.24
送酒十五,27,21,7.28
清风ikk,0,19,0.62
西柚_,803,75,414.25
戴墨镜的白眼狼,0,3,0.14
莫离-Nice,4,16,15.07
曦曦追燃记,0,2,0.03
桑乔维塞,1,10,0.09
九歌南辞,0,0,0.07
ConorMcGregor6666,1,17,0.14
折耳月,75,49,2.54
uglywhenIcry,1,41,12.01
隐嫟,0,1,27.91
VxxxMusika,2,2,0.02
Ormars,26,4,5.05
Kingdown133,0,3,0.31
天生我儿必可爱,160,71,0.22
不为你MM,35,3,3.42
吴非遥,1,3,0.04
Kalen邱志凯,15,66,15.82
LovdX,0,6,10.62
划破天空的归鸟NA,15,43,0.07
祝己年少有为,19,12,9.67
SLDesign,28,8,15.76
国服第一AD西,2,6,20.97
密罗洲,84,178,1.74
R1SE-何洛洛,1,0,11
华纳音乐国际,684,66,132.18
想和你捞月亮,1,112,0.11
杀杀玩,6,66,0.24
Nerdynuts,6,26,0.93
AliKiroran艾力楼兰,2184,45,106.85
MarshmelloMusic,847,8,13138.73
TAI乐之声,0,3,0.51
BIAO丶ET,21,2,0.09
瘦子那么多为什么就不能是我呢,0,2,0.07
京东,1,0,0.74
分裂小丑在哥谭等你,204,2000,1.65
一里秋和,0,3,0.12
极致动听,30,86,0.97
我想到重建星空的可能,23,10,1.99
_xCaG,7,1,1.65
密斯特温,21,177,101.56
废弃谷倉io,13,61,0.66
夏日小熊糖,5,11,1.41
libinhao-,1,10,1.3
pudding嘟,0,8,0.14
_swbl_,16,10,0.18
神奇的闪电猫,2,12,0.1
呐彭七岁呐,14,66,6.39
阿帅困辽,2,3,1.12
孙宇瑶Grasheyl外加一个小樱桃,26,115,7.03
eStar丶Ser,76,2,0.92
Softpi,0,7,0.1
Yxxxx鸭,0,2,0.39
SkrXun,1,41,1.06
某科学的魔法禁书目录,17,73,2.62
说唱HIPHOP,171,0,56.44
TooSweet-,24,26,0.06
棕鹿与独角兽,40,24,48.01
GUSTOM_,12,273,0.49
君顾者,0,12,0.17
金陽先生,15,18,1.4
Barbell_is_Medicine,4,50,0.13
O-5议会,28,1999,2.69
拉入深渊,0,2,0.03
采薇采薇w,6,114,0.37
是大大_呀,21,42,10.16
Linskual,0,12,1.14
游研社官方,38,3,41.76
--_-_-_-_-_-,229,80,0.81
关月风_CBJ,13,2,32.74
sonofsunofs,618,344,5.39
衾琳儿,11,13,1.12
后期混音找killerJ,79,151,20.04
你的名字挺奇怪,30,6,0.07
yeyiiiii,12,60,0.2
Refl_Official,5,43,7
Sakura雫,108,319,57.04
死于街头暗处,0,6,0.12
唐汉霄SeanTang,77,32,448.23
Yzz李轶哲,135,275,129.55
救赎xxoo,0,32,0.07
SplitWorks,106,26,345.48
小告爱听歌,0,7,0.35
纪晨屿,2,0,16.66
大狸子和小栗子,89,29,0.89
方知有xk,1,5,1.32
Daisy毅東,2,24,0.77
AJIMUSTANG,34,4,58.44
LlKe赵,7,21,3.23
Jungle_Official,35,50,19.33
云音乐VIP,546,16,183176.63
曾经你许谁的天荒,6,18,1.07
__TwChow,0,4,0.36
棉花糖Edm,83,8,1.8
狸克不是岛主,7,7,0.04
CnZjY,27,30,0.93
ablat-s,34,114,61.79
eeeeezus,48,50,1.29
Jiemarr,12,54,4.08
崔板栗,1,36,0.18
乐之拾荒者,20,13,1.2
暖心民谣syx,3,8,5.16
空山鹤行,15,20,15.71
iambeiqing,19,4,11.96
今天也很爱你鸭鸭鸭鸭鸭鸭鸭鸭鸭,0,3,0.1
网易云精品歌单,0,7,3.19
恋恋故人难,36,9,500.24
不回到年级前20不改名,0,10,0.1
Coral-Young,0,9,0.08
佐木y,34,180,8.8
工藤吹一,112,15,0.2
你的挽长-,582,208,276.88
Yeah-Sir,69,50,10.35
OnderdeAurora_极光之下,349,343,16.76
Tumurhan-Rozi,22,5,14.99
Cardi_B,14,9,0.79
论争,0,124,11.88
方知清欢,0,5,0.19
音凛酱,7,40,82.84
正准备认真学习的电脑,1,16,0.04
月漓i,0,17,0.07
薄荷猫_Catnip,371,112,211.18
小桃喜欢陈嘉琦,0,14,0.34
EeesARTS,43,25,40.17
H通过寂静战胜时间,44,62,0.18
CG一泽,1,37,2.1
林妹妹也太美了吧,0,4,0.1
丛了我,0,17,0.09
丨拾壹丨丨,0,25,0.53
热血与雷鸣,36,5,0.43
大野桑的小汤圆儿,0,12,0.5
GreenRiddle-Park,9,165,0.35
倾绩,0,4,0.26
别离_故里,0,5,0.1
Feillica,2,28,3.23
音巢音乐小阿呆,8,72,0.76
仗剑肆意游江湖,39,94,0.34
溺水小熊,265,80,205.44
quasimodoo,55,7,0.21
channelBLONDED,8,24,1.32
希贝儿Sibyl,4954,314,1364.42
我可能沒法再酷了i,1,3,1.07
Gaaaaaaaaaabriel,1,0,0.51
落叶秋声_,4,20,0.17
相见不如怀念尼,3,20,1.61
所念皆星河_ovo,2,15,0.31
囍同先生,2,19,27.29
毛亦周,45,9,116.71
蔓蔓z,0,11,0.19
躲开温柔的海,11,53,2.5
呆橘花胖子,126,2,155.73
NANAMI_yvonne,5,11,2.01
YaphetS-God,1,15,0.02
郑瑶233,0,7,0.04
翻滚吧蕨根粉,8,1,0.08
随便吧-_---,0,29,0.03
#NAME?,0,3,0.14
四季的音乐,51,99,0.57
川上赴野_e1KT,0,7,0.09
xinaxixixi,1,1,0.37
你的小太阳鸭,37,7,0.24
獨鎵誋憶,519,5,83.06
朵莉丝suki,0,8,0.2
我是追逐落叶的风,2,19,0.02
想韵了,0,1,8.01
容嬷嬷_Zvu3,0,3,0.01
SherlockkkkkH,14,3,5.46
芊柒子,0,19,0.07
hutongxx,8,28,0.06
Comiah_Yip,4,117,3.59
等你0506,30,3,3.04
卑微弟弟,0,0,3.87
音乐人张战东,28,0,4.87
青草香氕___,0,23,0.2
AloneSking,22,22,5.73
wawa明天绝不晚睡绝不上课迟到,7,11,3.19
是你沙雕网友,8,72,0.12
图文投递站,32,75,5.28
酷酷_LG,1,11,1.91
Ghost-Prayer,0,33,0.06
Darcy_letter,42,47,2.86
沐沐muma,0,6,0.03
DJRiRi_,0,0,1.59
李优秀-SEV,41,76,12.87
我阿帕酱又回来了,0,47,0.05
X-K93,1,6,0.08
angelli1013,0,3,0
咕噜咕噜v-,0,0,0.54
Hugo阝東,2,8,3.38
roku76,0,23,0.03
稀里糊涂的1908,13,8,0.11
Mr-travel,4,137,2.42
森澈Sensen,6,61,3.67
鹰典,0,9,0.04
教务老师01,5,7,0.21
Keyy_sky,23,66,1.17
武玉航,8,17,42.5
中極殿大學士,7,40,373.79
理性的感性女孩,554,156,1.32
陈陈陈小絮,1,1,0.06
Coisini的网易云,11,146,0.24
Whoamiii-,128,164,4.13
金色艺术家,1,44,1.73
靖纪棠,6,39,3.02
NekoNoir,4,18,3.41
偷偷的叹了口气,78,154,28.27
AKA_白鹤,70,68,14.9
Jackoul,0,4,0.01
ewqswj,1,26,1.48
网名太长影响跑步,1,6,2.1
lulu的青口贝煮六月天,19,36,2.31
Ckeiiiii,0,47,0.16
黑猫君今天在画画,1,11,0.69
Heazler,0,5,7.75
YoWanCong,7,26,0.21
AABBWHY,8,7,0.02
Belle蓓菈,2,12,0.04
英格兰的童话,14,307,2.72
星际小罗罗,3,5,0.03
AsunaIove,3,5,0.09
LolaCoca_Official,241,4,561.36
索尼音乐娱乐,305,39,64.57
NOPULSER,2,8,1.11
MeTRo____丶,39,24,5.46
chaierprime,0,124,0.2
Ablajan-Awut-Ayup-资讯站,90,27,146.41
王巍爱听我的快乐,145,6,0.03
黑小孩C_,20,93,0.89
宇宙里的流星只剩下这一颗,74,101,0.63
Pinerry,2,12,0.26
你是属于我的小可爱,1,16,1.08
纵我不往_er,2,5,0.04
不正常人类研究中心负责人,3,0,1.37
siyisyz,10,9,1.3
ruru桑,93,75,0.43
clown-joker626,0,7,0.03
苗焱森,1,6,0.09
泰勒丝不打残夏我打泰勒丝,0,21,0.1
冉釉,0,8,0.34
NickiMinaj中国歌迷会,1411,0,220.3
AbuduOfficial,18,3,145.44
琉璃千千,13,15,1.24
imAiden-,1,8,0.12
Pomegranatea,10,38,24.37
TheScoreMusic,70,4,2694.74
deadmau5_Music,10,3,890.44
大松宋嵩许,18,29,0.12
SG丶我叫张坏坏,17,2,0.56
繁星文化,162,129,597.67
solitary-_,24,67,0.68
駃楽水,0,19,0.1
TerryallthewayUP,1,5,4.27
MattuRsuN-Mattohti,79,1,29.48
轻松调频EZFM,8,4,4.81
徐妙心,1,3,0.06
TheFatRat_Official,268,10,6476.32
卡塞蒂大副,0,16,0.04
钟声,115,143,19.9
几凡呀,2,37,0.37
被神明寄托的力力,5,15,0.57
不爱阿菲的我不爱,116,1,2.09
BadBoy小伍,137,176,0.44
老J-饺子妮nn,0,22,0.01
HospitalRecords,186,63,8.75
网易音乐收藏者丶,3,6,0.04
顾甜书,9,30,0.48
动感101,0,2,36.39
月亮錯覺,15,41,3.29
与月亮说晚安--,18,9,0.08
球球球啊啊啊啊,25,25,0.11
-Pony_Boi-,0,37,0.3
AliMov-Official,233,999,40.85
糯米奶糖糖,2,83,26.18
PLATONIC-梦清的理想国,4,133,9.14
LANY_OFFICIAL,59,29,1241.49
Doki少女鹿安然,55,11,41.66
Last_flowers,4,4,0.05
VARERED,9,16,7.85
侠侣亲子游--许天准,1,6,11.16
鱄小鱼,34,28,23.48
耳边呢喃Y,3,40,0.09
TimmyTrumpet_Official,1055,61,1777.74
莎士比亚书店,2743,529,746.69
佛系电音文化研究所,373,69,55.38
因为星星会闪吖_,10,24,0.04
星晨的旋律,22,53,0.35
小薛鸭鸭,63,240,7.31
TaylorSwift头像站-IU,839,47,436.17
Ms笛笛sM,0,13,0.24
PrettyOrange,0,4,35.79
混圈男孩Isaac,15,51,3.19
LYtongKeepItUp,0,14,0.06
上官丶天清,21,85,0.5
今天LesMis来我国了吗,150,84,1.67
VAVOmusic,62,3,11.33
LucasAndSteve,490,12,343.26
澈月清秋,0,16,0.03
Komorebi_Wei,50,47,0.42
一只喵喵喵星人,30,21,232.05
哥哥要喝排骨汤吗,32,7,128.21
人格分裂重度抑郁患者,12,57,1.29
ezkielyp,0,12,0.13
dj---kapsiz,52,111,21.15
开着音乐坦克去上班,0,2,0.05
欧美集,99,1,41.31
Eeeeeeee_1,3,2,0.03
无能狂怒莫得理智,0,6,0.04
想要盒乐高,1,25,0.04
道一句晚安吧_ab,0,25,0.23
SUS_BOY,14,80,0.2
晨chen_Fizk,0,2,0.06
KFM981,189,13,323.34
橘里九间,61,39,1.14
bref小姐,71,34,7.41
千秋寂冷,144,45,0.21
AsAbsurd,39,41,0.34
TayAriMi,3,140,0.19
_KiKi-_-_,0,2,0.3
无名之马,5,24,0.33
Astralwerks,145,23,6.39
EkaliMusic_Official,19,4,44.14
青年蒸气YouthVapor,0,4,0.04
IMG夏天,0,10,1.65
--mellogang--,488,112,1.24
陶白白33,0,4,56.21
MADILYN_official,145,3,11973.25
小聪音乐分享,0,1,0.1
广西曾志伟,0,3,0.08
美剧小玫瑰,1,1,0.29
蒋丞男友,4,8,0.49
西楼满茸,9,123,0.1
bpoq,2,34,0.34
迪士尼在逃公主_J_,1,3,0.3
白鹤_qWzE,0,157,0.18
Rearrange__,10,52,0.24
叫啥名字好呢-_-,2,6,0
Bilibili_一只天上的大萝卜,781,415,1.61
114行星,0,30,0.04
Im卖保险_,0,0,0.03
LAAAAPIS,0,134,0.07
外星人42,22,34,1.1
TryHarbNinja,9,11,0.67
新疆Dj-Remex520,20,1,244.47
小凯哥-丶,105,204,47.95
叫我啊星就好,0,5,4.56
想吃颜色好看的食物,33,14,0.76
波多吉野菜,0,5,0.02
落日飛車樂隊,25,4,7377.5
l肥宅快乐水,0,5,0.03
宫洺先生_,0,5,0.09
爱吃酸皮奶的现老婆iu,411,299,10.75
汽水小姐_,1,9,0.95
biliibilii,5,16,0.13
BeritBeritBerit,0,32,0.09
matilda007,17,10,0.06
LinkinPark资讯站,825,113,56.29
kooooooooo_,0,4,0.02
望仔和望仔,0,19,0.15
晚川_xrBI,0,15,0.07
Doksana,18,21,0.23
RICHMAP,38,81,9.66
别去烦人,8,46,0.7
吴阿嬷嬷哒,149,64,3.17
抬棺小孩,0,2,0.19
Coronetz,43,91,1.24
Foale,15,9,3.05
Shirley-Chan79,1,9,0.03
易烊千玺OAO,2,17,0.26
LouisTheChild_Official,28,3,62.88
柚子_Ocha,55,73,0.13
邓狠狠,0,5,13.84
猪头少年_小十九,10,24,5.87
家具城战神,4,44,0.06
幽蓝韵樱,737,166,210.65
抓到太阳啦,1,6,5.57
Sam_Hunt,0,3,26.04
阿璃哟,0,3,2.45
图南nj,0,22,0.1
梦珍小妞,0,3,0.01
DeDuff,0,3,0.02
贝贝徐,17,6,0.06
youngbadgalsarah,120,409,1.17
inlalaland-Y,24,96,0.47
TitaniumJane,0,47,0.04
婧錒婧,0,36,0.1
龙心Kristina,12,7,3.23
稗___,0,6,0.09
欧阳鹏oyp,70,27,6.49
林廷升,19,35,148.86
是罚哥,2,6,14.59
SlushiiOfficial,501,8,933.55
是太阳不是电灯泡,0,6,0.08
中世纪的演奏,2,23,0.56
ItsnotChristine,693,74,0.78
拜托别网恋,1,1,1.66
记住龙大,0,0,6.11
troyboi_music,200,1,1525.94
yinwalone,96,69,0.27
Jersey_ol,0,5,0
柒-pxy,6,10,0.09
子午pipi,31,164,29.3
大爱milet,5,89,1.03
厘生生,104,243,0.6
鳖虾跑,0,9,0
Aytseven,3,26,0.07
Ds_林夕影,135,74,0.31
-Bazinga-Pivot-,0,22,0.09
TravelingLight-x,33,53,0.17
sunshinelife,5,32,0.46
AlisonWonderland_China,121,1,276.7
黒色艺术家,11,1,1.17
赫本_zo7a,0,8,0.09
33333333333岁,27,4,8.72
三石SSL,2,14,10.7
银洋戏,1,11,0.05
舒伯特020,2,33,0.21
我是小可爱4号,5,22,33.33
鸽补法,3,41,0.11
守護柚柚嘛,26,0,109.98
似非世间物,0,17,0.06
给不了你晚安,0,0,11.13
磊SIR磊SIR,15,66,46.18
MeloNoLove,16,102,0.69
云音乐小秘书,6710,431,999.99
zwaik,5,11,0.4
胡子拉碴的猥琐阿姨,11,16,0.14
何ZZKm吗,2,11,0.1
Borgore_Official,64,3,147.78
i9xx,12,7,187.81
Joy辞,3,7,0.15
噪点音乐FM,5,26,2.67
梵高_sir,1,5,4.01
ACG二次元菌,0,6,8.35
折欢灬,0,3,0.04
ABU都鸭,24,5,25.65
Bassjackers_Official,297,14,738.64
Helenwbr,5,3,0.05
张丹青_神仙钢琴儿,48,1,20.39
人间小甜豆er,7,11,0.24
我心飞扬lalala,19,1465,7.4
SlimFey,26,73,128.67
司琛瘦了,56,54,15.27
南风回时,0,31,0.05
steph_YIFr,1,30,0.12
春霞的小辅助,51,83,1.57
QSIZE他开学了不在,37,72,1.39
任岁月再坏不致心慌,37,66,0.03
给你的星星_,323,56,0.35
avex爱贝克思,455,27,48.18
水中游913,0,11,0.07
GY吃吃,0,2,0.03
L_梅里_,55,84,15.9
Sikd0pe,421,7,191.81
丧夜_GLev,2,41,0.03
藏了很久很久,39,335,142.7
Assassinatem,4,48,1.96
一颗小熊熊软糖,0,3,0
你的Sw,0,21,0.01
万豹,29,6,93.63
时崎仲冬二二,42,106,16.4
NEFFEX_China,37,3,192.2
今夜是你,0,9,0.5
诱惑MarIboro的Du药丶,3,3,0.19
云音乐古典之声,388,50,379.84
TS酷mi,3,16,0.09
Hard-with-Core,3231,367,361.01
Shake软,1,42,5.16
菲丶轩,10,3,0.03
SangBlack,0,5,28.05
你的外哥,25,0,1.28
夜清道人,0,25,0.13
plzwak1up,0,20,0.91
埃尔德里克Eldric,5,1,4.1
假腿螺丝已松动,50,69,0.2
林白鹊,17,74,1.44
故里-v,0,4,0.04
请叫Pc,1,0,8.27
西瓜分你一半丶,0,13,0.2
林yi网易,0,1,0.05
薄荷音乐台V,43,9,0.56
FOCUSonWHAT,54,37,1.83
寂寞的姿势,0,18,0.05
下辈子再相遇_,4,32,0.61
油炸小渔,7,21,1.09
Rang_Q,13,23,4.96
寄托夜空的星,0,6,0.07
Dreambuilder1710,6,5,0.38
Louis-Tomlinson-,626,157,8.24
我们这一天News,18,2,6.09
电子音乐资讯,5497,0,575.9
_追梦大叔,67,21,0.31
叶叶叶叶叶明珠,6,21,0.09
猴头菇战车,91,56,0.89
XikEXO,3,40,0.57
常胜-18i,0,0,0.02
-小玫瑰掉进了红池塘-,0,6,0.07
吱呜猪和特务兔,2,5,2.01
凡昔_Lu,139,27,4.23
三更七,0,8,0.28
张张张帅M,0,4,0.01
龍蝦太CY-Tong,25,7,0.1
_WayMen_,54,94,183.11
桃源禁,3,14,36.91
Seanna24战战,13,33,0.11
赞了你的评论,0,0,0.07
今晚别哭啦,0,6,0.04
川边綠w,0,9,0.08
朝霞云音乐,4,6,0.03
ThePG_,7,14,0.12
南曦要温柔,2,7,8.59
是知予呀_zy,3,71,0.02
Vanessa_甜甜,5,3,0.45
爱吃小番茄0_o,195,73,1.86
流祉,1,6,0.29
TWH电台TuziWithHipHop,344,108,160.37
麋鹿岛屿-,2062,104,9.05
大小姐不高兴,311,45,866.04
初夏海港,2,126,0.01
Tro_nnor_,18,47,0.32
醉意情诗,2,12,0.15
城矣uN,7,24,0.35
Ddfd0128,1,11,0.03
Ricky_Kopa,3,28,0.24
灵梦之羽,0,25,0.08
沈笙歌-,2,39,0.08
今天的豆豆准备好高考了吗,31,51,0.35
FLASHLZH,96,59,0.11
bepurity,0,32,0.27
没人在乎你听什么,0,17,0.3
EOG先生,0,17,0.03
Banrey逐梦巴尼,171,424,5.01
音乐斯图秀,50,106,84.33
JohnnyOrlandoCN,11,3,499
落暮星辰画若风,187,269,7.89
大写Y加粗,1,8,0.04
Krewella_Official,477,5,850.82
oBu丨FM罒,0,1,0.66
一颗西柚_you,21,10,1.04
blueA7,0,2,0.9
阿day吖,104,153,0.15
我愛权紫龍,1,14,0.04
一只若鸡,1,9,0.05
木头做的丑鱼鸭,3,3,0.15
网名太难想了吧,0,77,0.07
乐于life,0,18,0.05
小佳小佳__,0,3,0.01
李乐颜不在,2,3,17.58
夏星子_,4,12,0.19
raink,0,8,0.19
小森呀呀丶,3,11,0.07
下雨的柠檬real,51,40,1.22
月落天白,17,87,0.62
第一只单身汪,0,4,0.07
洛圣都交通LST,0,35,15.66
账号已注销---个屁哦,0,30,0.02
Xenon131,10,16,0.12
sheen2222,0,3,0.01
从岒i,7,14,0.09
Jennifer樱,548,116,0.55
RJJ辉少,0,5,1.88
Starry__D,1,5,0.02
Chorer,343,558,14.86
么崽ovo,0,5,20.73
柳岸茶馆,18,14,0.02
顾情wy,0,7,0.04
维维超人丶,6,21,0.07
Zulmire-Mirzahmat,91,18,1320.8
LilJeff-,0,5,0.7
花店老板c,7,3,85.13
_山鬼_乔乔,52,30,0.74
该用户号已注销,1,10,0.1
Mr_困倦,2,19,0.47
Venjestan,77,142,3.97
A智勋,0,23,0.36
蜡笔小豪pol,0,26,0.07
流年即逝-贼浪,899,1391,9.2
李熙霖_,6,16,0.25
ALM灬阿帥,146,87,145.53
wvvww,4,7,4.57
心动的温度是三十八度,0,4,0.03
BreatheCarolinaOfficial,655,7,328.36
珍惜1分1秒,1,4,0.03
Nicky_Romero_Official,164,10,577.82
耀温顺呀,0,4,0.62
杨不酸,12,52,0.21
HurraicaneSignal,0,51,0.13
Strawberry-Swing_,67,218,0.62
LISA唱歌了吗,0,0,0.04
G_柚砸,4,40,0.11
_CANDi_CE,77,48,1.37
HHandNic,0,4,6.6
迷人的混蛋是西西,0,3,0
仙草灏,25,190,15.13
DC资料堆放处,57,108,5.53
双木1田心,0,2,0.04
餅乾死掉了醬,4,14,0.26
潇瑶月下,30,59,0.07
辰星晓Reginamoon,19,9,0.25
Nurfefe_officiaL,84,5,31.38
Cosmos0717,89,33,3.56
Darth-R2,6,40,0.53
首席故事官upman,11,95,0.19
飘羚,29,20,0.06
#NAME?,1,4,0.11
熊本熊本熊丶,0,9,0.09
Ookay,464,6,254.62
朱一旦旦总,2,12,0.17
MaRLo_Official,290,4,91.09
SweetieCoooky,24,18,0.63
我可能已经爱上warma了,0,61,0.12
纯情处少,45,195,0.21
Zarinopl,0,11,0.04
今天俺自制的TikTok歌单有人听吗,2,6,0.17
Hermann-,10,59,24.75
海底撈九塵,0,1,0.43
Lilispoem,1,71,1.32
烟波蓝黄昏,6,59,0.03
笼中鸟-OG,0,8,0.09
铁柱zhuz大爷,109,116,0.08
ZS-beatz,7,135,88.49
Nurxat_112,31,2,26.3
sparkle_,15,91,0.12
身着燕尾服的帅比,0,8,0.03
张憨憨v,0,4,1.05
十一点二十三分,2,23,1.7
i7toy,46,49,0.66
为李泽言摘星,296,64,1.97
A7小塔,9,14,3.09
VR是我不是你,50,25,18.88
颓废高中生日常,177,12,7.28
利维坦_KUN,0,0,4.95
即墨ar,2,28,1.11
angelaenchilada,33,8,0.02
SwaggysP,0,7,0.08
BillChan226,13,128,3.8
SOno5,3,13,0.47
紫雅鸭,2,47,0.04
CNUP340,27,17,0.79
Dracula-Davi,9,14,24.93
奔跑的小炸鸡,0,0,0
August1314,5,8,2.48
Milo想要好成绩,8,19,0.06
炒鸡大松果,55,103,0.41
Nijyuukyuu,28,3,0.01
宝贝苏玖辞,2,36,1.04
000-Forky,4,12,5.11
那就晚安_xl,1,2,0.07
BALIS-y,0,7,0.63
我很希望被理解,0,4,0.05
赵旺财Aero,6,39,0.32
Margueritepoon,23,29,0.12
倾婉公主,51,329,4.97
求极限我只用洛必达,0,22,0.12
LZS宇轩,1,3,0.18
Ly_ce,0,5,0.01
晚安小文,0,0,0
Llg千秋色,0,88,0.44
橘子汽泡糖,150,24,17.44
3DH黄浩瀚,45,43,0.23
z林柒,44,2,33.36
左岸咖啡,0,5,0.23
i斩月,0,7,0.04
PROMISE_EDM,50,200,33.47
曲奇好吃是真的,1,6,2.43
kid丶蝶影,2,4,0.84
橙味儿的小芦,6,4,2.05
L海海-,3,23,0.03
暱稱上火,0,7,0.16
酷狗音乐工作人员工号5112,24,52,0.04
星回_____,0,2,0.02
月还不缠绵,0,3,0.01
Brandy的Y,2,8,0.08
丸子温,1,16,0.12
阿舒一八零,4,30,0.31
TchamiOfficial,254,6,129.5
依洺渃杉,16,50,0.56
風止於心動_,1,24,0.4
0410号宇航员,0,33,0.05
包子__w,0,3,0.02
Piclik,19,83,3.76
LuvsHe,343,262,0.68
爱音乐的夕阳_UsGy,1,1906,8.49
赵一航Bob,52,89,14.09
德川千代,5,3,0.48
钱钟书神经末梢,2,9,0.18
陌生傻男孩儿,3,24,2.57
SunNewMusic,151,498,2.9
兔纸没烦恼_,2,31,0.02
华晨宇家的矞咖,0,3,0.01
这个世界很难受,0,0,0
Lunatic-asylum-_-,12,42,0.94
BladeofCarter,13,132,0.76
丶Alonem,2,76,0.24
MEHREE,740,12,40.45
柚子同学upup,4,17,0.02
上我的落葉船吗,0,5,0.06
xxxyn__,3,12,2.81
退休的咸鱼,21,9,14.37
限时三分-,0,5,0.14
Ruisosoci,0,0,4.58
冬冬没有兜兜吖,1065,192,0.5
小咪_X,0,1,0.07
清浮儿,119,159,2.73
Akiracri,3,17,0
龙叔与Doc的旅行日记,2164,454,115.67
Xthousis6,136,11,71.48
做了一个蓝色的梦,9,2,0.24
老叁音乐,10,5,5.49
BetterNoe,2,12,0.25
云城负债鉴赏师,1,2,0.54
Harry-Lucis,152,69,59.61
初晨观潮,2,1,6.52
RRRRKKKKSKY,11,6,0.04
chase_g,1,3,0.01
JonathanXie,87,41,1.33
ChampagnepapiCN,0,0,0.55
耿耿于怀c-,0,29,0.13
-网易云先生-,117,73,34.85
面包酋长,5,34,0.17
Billie_Eilish梨梨,1746,210,463.04
Reyimjan-Abdukeyum,97,60,308.05
米兰的小铁匠_a,57,27,1.56
小鸽子Guo,28,14,0.11
KLWS_,7,52,1.02
起个名字好难315,28,30,1.59
Tsed-,28,125,0.05
是七七呀hh,18,19,3.2
Venming,0,4,1.12
Raja-Nidhogg,32,55,6.64
似顺听歌号,92,771,2.21
春日抹抹茶_,0,4,0.07
云电台-耳疗SPA馆,76,83,27.32
BobLeo2010,68,5,0.01
油烟机yj,10,24,0.18
EuHn,50,245,0.44
江风引鹤,0,46,0.02
Distlnctive,672,127,458.71
-LKs-,17,39,17.38
无处遁形网友刘,515,228,51.69
柠檬m味的熊猫,4,5,0.18
抖音慕楠,0,3,5.13
ZeTe沢特,43,156,1.87
喝可乐记得摇,0,4,1.2
YJ玖辞,1,14,0.03
李夹心hh,21,20,0.14
TOSCREAM,7,40,0.35
山东-老刘,17,39,2.86
EDopamine,943,30,35.91
留下你的思念,205,0,4.98
枞北-暂退,18,15,2.94
Honid,13,161,3.28
三九老八,2,11,0.14
武汉真的好冷哦,2,103,1.65
耶呀椰皮,5,5,0.04
精致男孩卫卫,126,170,18.31
JauzOfficial,465,8,298.73
顾槿OvO,6,2,4.46
FBOC,0,3,0.04
十三少女病_ZBEyl,8,4,0.03
幸川SAMA_,0,5,0.02
广东兴宁吴彦祖啊滨,0,6,0.02
NEW字幕组,0,3,1.19
帳號已註銷_,7,20,10.97
SeniorKallun,4,24,0.06
萌小希o,2,23,4.28
#NAME?,0,0,0.03
snmmmb,0,33,0.13
是久小玖啊,14,26,0.1
Husband_夫夫,8,40,0.09
JunoXu住参宿七上,46,225,4.48
Dj_LOSVER_offisal,230,20,6.73
贝肯尼的宝贝_,19,19,1.25
落雨na,29,17,1.6
_仚_,18,55,0.09
RealDirection,25,131,1.09
爱甜百分百,36,84,0.64
TheWeeknd_Update,40,124,28.78
哔哩丶皓修不是好秀,1,40,0.09
一只韩韩a,2,36,0.05
阿葵-CHUNG,21,42,1.39
chiamingTUAN,0,71,0.11
LadyGaga中国歌迷会,787,131,19.01
空空空空空空空空空空明,5,10,0.04
请把世界上所有的美食推给我,4,32,0.12
小小张冰心,7,16,0
是娘娘也是小和尚,138,81,0.99
田泽丽娜,1,3,0.24
5d_of-pain,30,44,0.38
扎心学院1班班主任,3,683,1.27
_闲人鬼老花_,23,45,0.07
萌萌哒的拉比克,32,86,0.35
小春秋_,33,48,2.15
Hardstyle音乐匠,2,40,1.48
今日含金量,0,9,0.03
Reveur_Lucifer,3,10,0.07
同志小叔,0,130,3.01
RyanSu2020,5,7,0.32
Protein24,1447,92,107.35
抖音八七空,0,4,0.21
Zzl_bq,0,4,1.73
泓程,21,7,8.52
COSMIC-DREAM,2,2,4.04
活着真累啊-,1,18,0.05
陈北及,2717,574,1037.32
几迟ovo,3,8,0.42
Human度川,13,14,1.3
ChloeMusicTherapy,14,26,0.28
d22k,20,30,2.69
_BloodyR,286,16,2.07
豳藝铘,0,10,0.05
武汉-MasterDJ-Studio,0,13,0.13
往事重提是折磨灬,2,8,0.05
alimjantohti,70,257,636.1
-本雅明-,1,34,0.28
走过一村,1,29,0
世界一级B类赖床专家,16,5,0.11
口零,0,23,0.15
Ccoo可,76,11,0.89
李袈,18,1141,145.14
#NAME?,167,57,0.86
__itszmrt,13,27,1.09
快跟着我,412,372,1.17
Deer鹿头,615,135,211.76
天天想小冉同学,0,7,0.07
pincky,20,20,0.03
诸葛v,3,13,35.5
方方爱康康,0,1,0.81
划夕阳,0,16,0
Artem15,9,95,1.77
05_9_Y,0,10,1.07
纯真女士,3,50,0.03
花式抖腿世界锦标14届大满贯冠军,1,21,0.26
薛苏仁-,2,22,0.83
樱奈酱是什么酱,3,62,0
Wangxmnice,39,2,8.63
安生麦加-,19,87,0.41
putlaxma爱情_,22,66,0.84
康平盛世,377,128,2.68
老阿西,649,55,570.21
ablat-st,5,1322,14.07
天才少女14岁,17,23,30.24
斯达瑞9,1,0,0.26
阿姆的小歌迷,301,102,34.98
MarGotRobBie,174,85,1.88
Yin_Jun_,0,11,0.1
Zyp9x,5,36,0.13
MatisseSadko_official,144,0,283.32
肥宅不肥o,5,28,0.1
Frankyle,113,136,0.58
维eCte,261,286,8.42
越黑越美,2,78,0.6
影志还是,3,34,2.06
名字被占用了没法起,13,78,0.02
SickIndividuals_Official,83,5,124.05
_Naivete,0,8,0.16
万能星球督察官,385,110,2.52
云村云圈酱,29,12,54.76
cluster__,0,15,0.08
LanaDelRey美图社,479,50,30.1
Geist7,0,0,0
Space-TS,0,12,0.26
柳下惠Az,0,8,0.01
e1___,3,52,0.05
甜豆莎梨,40,14,0.18
高司令坐我旁边,17,69,1.54
具象波,96,5,626.42
漴零ovo,0,6,3.11
网易电音品牌放刺FEVER,4069,325,399.26
电音心旅,252,193,18.02
zettaranc粉丝,0,4,0.06
麦田wo,2,5,23.99
大胡子阿细,80,19,67.96
June_11z,0,3,0.16
丨IIIIIIIIII丨,4,61,0.48
丁有钱,60,40,0.61
Todayisnotsobad,7,21,0.56
TrapNation_Official,275,35,38.22
当思绪变旧,0,7,0.08
大红灯笼高高挂起,44,23,0.08
原来没有永远,0,5,0.03
要音源先收藏第一个歌单再来谢谢,11,150,0.42
二十胖了,11,44,0.13
科德角_CapeCod,1,2,0
小熊乳乐云_k,1,17,0
刘和不6,0,5,28.95
Moving铭,39,11,0.31
姜姜的歌单,1,2,3.11
曲儿君今天超过jyh了吗,0,17,0.04
乔妹专属边路,2,1,0.04
你听到戴哥哥了吗,0,13,0.05
与欢Vacation,8,1,0.03
JC_LUFIEKE,53,121,0.36
AdeIina,27,29,23.53
雨崽owo,1,6,0.07
370008188,209,1978,0.99
莱斯特小姐姐LL,0,6,0.02
Liv-_-,14,0,29.11
生活如此依旧,0,13,0.55
stmpdrcrds_official,12,6,15.68
养只小澜喵,7,3,0.52
唐僧爱虞姬,17,75,0.3
小警新一年等演唱会,16,10,0.08
LOUISAYXY,2,10,0.01
佰鬼绫目,0,283,1.07
取向狙击苦艾酒-,26,7,0.24
没竹子的熊猫呀,7,0,2.08
咕噜年,1,32,1.02
五月未了,3181,97,136.99
不是红枣的枸杞茶,0,13,0.02
可爱的种草姬,1,3,0.2
小Q哇哇,171,594,2.08
苏挽衿在线娇喘_,0,5,0.04
ecoh-7,6,10,0.39
AutoProxy,77,119,0.49
irene-js,97,175,0.07
Thugstyle杂货铺,1017,155,182.75
九濑之亚,0,3,0.05
掌柜阿峻,2636,67,252.94
FunkYeahHarryStyles,0,7,0.17
眼闭则花寂,0,101,0.04
Regina-cc1,0,17,0.01
Flora__張小野,177,57,0.15
Barry-墨鱼-Allen,0,6,0.02
Avicii_GS,252,433,7.41
大肥猫好可爱哟,0,7,0
chasingstarrrs,0,30,0.15
想一颗星,3,33,0.07
Evephy-Z,2808,985,475.08
似寒emmm,1,56,0.01
小飞流的飞璇儿,1,0,0.01
Sedhm3t,1,16,0.06
aa阿喵喵,5,10,22.14
查令唱片街,80,51,46
TheBeatles-OAII,0,31,0.1
Ricky141025,2,32,1.41
王藝博YB,3,44,0.83
Team100086,0,2,0.37
邀请函0116,47,35,0.09
高途课堂_学英语,0,3,0.2
温软徐,5,13,5.28
小良神,0,10,0.05
依酱今天也很可爱,0,8,0.96
阳同学在啊,17,12,0.51
我不是百合,3,10,1.2
Double_呆,116,183,110.08
Rainnnn丶,1,14,0.07
未开张玩具店小老板,2,6,0.05
ZDae-,61,145,0.46
杨杨大平,0,3,1.06
CelticsOfficial,1,30,1.35
香琳-落叶樱,28,12,0.23
林肯公圜,9,46,0.09
John_分享_,9577,15,1363.26
搞笑的酸葡萄,93,88,40.81
HIPHOP_H2,40,36,0.18
T_T杰宇,133,16,24.12
RappitCN,39,243,1.41
北境鹰山仁,1,19,0.2
Lea-N,0,9,0.02
Epippapg,1,0,0
你的韩韩HH,0,12,0.59
玉米王子变青蛙,0,7,0.08
最差劲的神明大人啊,10,38,0.15
洛垣,2,40,0.02
密林斯派维的白日梦,18,17,21.5
歌单推荐达人,0,0,2.66
nytegleden飨悻Eriksson,424,87,1
刘真Eeeeee_L,0,4,0.56
潮音仙,0,17,1.41
Diamonds呀,77,173,9.16
不知道的花儿朵朵,119,23,0.18
catwalk_s,4,23,1.06
是渡边君呐cg,0,23,0.02
Tsorania,22,46,0.31
南音少年荼靡,40,17,12.24
91牌留声机,0,2,0.02
拼音师,124,23,264.02
药棍,1248,29,6.92
有钱龙史矛革,37,16,0.34
AYG的剑仙,6,22,0.1
TimtaS215,9,9,0.05
迷美丽_Ooo,1,8,0.03
crascopy抄抄君,73,383,3.62
MINEFM,97,6,20.05
许知音,2,0,95.71
热水学姐,1,80,0.63
RAN-AWAY-WITH-ME,160,51,0.09
坏少的彩虹,123,371,2.31
neuciz,0,3,0.06
漂酿小年糕-,2,11,0.04
XXXX1234567890123456789,0,0,0
爱Cola的鸽子,460,99,0.52
Mid-earth,50,35,0.33
赛斯塔奇拉,25,30,6.93
xXx_inc_xXx,0,7,0.01
当地有名的老实人,3,16,0.09
我好像怎么也吃不饱,0,2,0.06
herobrirne,0,22,0.01
墨簕子,0,37,0.15
清新温柔Kevin,1013,493,379.24
新天地王老虎,11,5,0.22
你好我是萌信,81,38,4.11
你和理想,7,19,4.36
肥宅少女本人,0,2,0.01
BaynErhet,60,13,3.22
歲月流逝A1one,3,194,1.7
尐黹_WECN,4,53,1.89
FelixDzerzhinsky,52,31,8.42
AV_Wayne,30,11,0.87
十一-酱,0,9,0.01
CharlotteJob,120,14,0.14
_藤原拖孩,0,11,0.06
加菲众,181,119,207.13
Katrina-Kaif,124,0,21.17
我眼里没有彩虹,1,14,0.13
Niki赵,0,4,0.01
说书不唱戏,6,40,0.02
kaysaria,15,18,0.06
鸽子啊在路上,6,11,0.06
PetitChatNoir,3,8,0.04
雲想寶,0,7,0.12
制造浪漫_,238,146,0.24
六元的糖-,0,11,0.14
AvrilLavigneChina,830,93,37.05
Miranda-WM,0,12,0.11
YoungJodye,39,56,0.56
y兵兵,0,4,0.01
DJ_HUMBLE,103,229,13.58
夏沫-浅雨,3,33,0.26
零零后电音收藏家没有宝藏_备考,31,520,3.24
招摇芷嫣,231,210,10.38
网易蜗牛读书,97,18,40.52
张婧之,4,7,4.75
LWJ_Belieber,52,56,0.27
Siga_张溪格,13,16,95.52
苏江波-,0,3,1.32
您xi_,4,10,0.03
卢溪溪溪,9,24,10.5
阿天不钓鱼,27,238,0.85
牙龈健康,12,13,0.39
初晴-夜雨,16,456,0.35
GOKIDJs,12,131,40.94
明晚的鹿L,54,54,2.33
飞奔的小绵羊_,9,9,0.15
LadyGagaHaus,1145,6,126.47
说唱是一种文化,2,63,0.02
Alikc-uuuuuuu,2,8,0.06
造梦使者鹿一,6,2,1.26
林梓悠悠,0,11,3.13
越一川,1,6,0.11
Going金高银中国首站,3,2,4.99
养鹅户hachi,0,78,0.12
找不着北了呀,3,17,0.19
慕雪哟,1,89,0.02
要自律的中年少女,7,32,15.56
LYL李易麟,2,88,0.11
yolo_S3cE,0,23,0.08
sunnyhuma,0,2,0.01
霍格沃兹公共音乐室,1330,68,99.62
一米八五的阳光PDT,1,3,11.65
最强黑暗守护者,9,17,1.17
我想吃小鱼干啊,151,829,6.2
南楠楠楠楠楠_,11,3,0.07
夜行抹茶,0,2,0.47
一周七瓶哇哈哈,2,27,0.07
Pamozu,5,27,0.79
DIO承是真的,0,5,0.04
95号月亮-,1,3,0.01
禅大大,11,91,0.34
黑刺_多里奥-波普,0,38,2.23
万事胜意_-_,34,74,0.06
Zhangarya,0,4,0.02
NoCopyrightSounds,83,15,21.76
廂庭少女,35,20,0.06
orginal-Music,101,0,22.24
RS_Club,0,4,0.61
匿名队,2,11,0.1
Lieai_,0,8,0.02
37号元素,91,113,9.56
李以为某,0,9,0.45
喝什么君,0,2,0.01
Yanless,0,76,0.37
NooraOfficial,858,550,1.09
金河宣,0,2,0.01
Lemon--_--_--,6,65,0.1
苏哈哈的音乐收藏,0,7,0.31
缪东运,0,37,0.07
Coraline_lmt,27,43,0.16
想当兵的帅小伙,1,6,0.16
_长安RE,3,28,0.07
深海中的情歌会破,15,18,0.08
斯文老先生_待下线,15,26,0.42
ElectricDaisyCarnival,48,25,61.6
LeslieZzzzzzzzzzzz,38,104,0.05
Miiiuss,137,33,12.22
空镜的回音0,6,15,0.12
Fatalliuhaochen,0,145,0.09
Linneamint,40,22,0.16
SwaggYp77,2,39,0.12
Em_Jhao,23,116,1.4
Miyako柚酱,39,48,0.27
ariana-del-rey,271,235,0.68
卖萌请有限度,2,13,0.4
大内密谈,9,4,52.79
成果的JIGMZHEN,7,43,0.23
潘天王醉坏神,11,0,97.78
EDM_FOREVER,150,788,13.56
gourmetyan小米,4,29,0.07
Trainedoctor,0,4,0.01
喂喂伪伪,11,3,0.13
贾凡的泡芙小电台,112,4,0.41
lilith-minge,0,10,0.01
kikokiko,303,272,50.32
Anjunadeep,51,9,64.64
岳亮弯弯_绵绵绵绵缠缠,8,29,0.15
小水莹,58,21,0.18
吸血鬼雷闪,24,35,0.3
电影fans,0,5,0.02
rrft,69,52,0.8
小霸王游戏机-,8,25,0.12
Lil_Ugly_Babe,5,19,0.06
AIanWaIker_Official,2,125,0.51
勤奋的潘小岳,0,58,0.05
AaronVicente_Official,13,32,0.07
Yawg-Neej-Vaj,15,8,0.15
Yuhanp16,9,5,3.97
潛水到海底兩萬里,35,141,0.02
and好氧君,66,4,0.04
musictv,153,110,0.55
网易放刺电音制作学院,64,19,21.24
爱打拳的沙雕Fist,758,1513,11.71
章鱼没尾巴,8,1,2.67
顾小北_z,0,4,0.05
78517,32,153,1.01
叽里咕噜爱因斯坦羊,12,287,1.72
风柏潇,7,23,0.42
BABIROOM-YUXI,2,23,2.41
面对浩瀚星海心便拥有整片宇宙,3,14,0.3
KompanyMusic,65,8,53.01
漫游仪勘测员,354,39,0.13
CatchmyVIBE,114,42,1.67
Benom1927,453,8,71.04
琴梦HD,9,65,0.02
Tay过Crazy,167,188,13.52
JackGroove,3,6,1.92
Swagsw-,7,12,2.35
御兔许愿凤凰,3,5,104.74
孤独者mister,13,21,0.42
Alim-Kilic,22,1548,11.75
林陌岚,56,576,7.73
张起灵好想和吴邪睡觉,23,12,0.1
AnLing447,3,13,0.14
KIDWUMUSIC,61,157,11.7
Syn-CoIe,123,337,4.24
起风了叶也落了,13,12,0.05
lnhospitable,2,8,0.55
绝代风华李栋旭,0,79,0.03
张艺兴小可爱的女朋友,1,9,0.01
#NAME?,1,14,0.02
pexs_ddd,1,101,0.21
麋鹿的黑先森,37,18,0.76
LogomachyYT,1,8,0.06
笞子,0,7,0
哔哔机欣欣i国超,2,28,0.1
Aug_8xxxZ,2,19,0.1
美国z统侃爷韦斯特,55,172,1.51
坛水良,0,5,0.03
网易文案馆,605,5,71.28
_沐梓希-,4,3,43.02
葳蕤yuki,16,8,0.16
元春十七,0,4,0.02
熬夜修仙法力无边,0,12,0.03
EA7_________,7,5,0.11
DopeMusicCN,962,105,27.46
iU宝-晶酱-伊油-Guistar,284,458,0.58
九尾NineTails,4,101,3.01
IMUtah,18,142,0.08
鱼咔咔-,16,3,4.13
NINE1-_,6,10,0.08
931周小美,3,9,8.75
小阳的网易yun,0,8,0.06
CLUBMUSE武汉光谷店,80,8,2.38
满井之春,1384,23,4.32
萤火棒棒糖,35,490,4.82
张写真,66,32,0.27
29place_,0,9,0.01
CEM_Official,169,58,100.34
接个吻咋还开一枪,92,28,8.2
DJMuchY,9,100,346.38
我待面包如初恋,8,49,0.05
FKAtwigs资讯,537,175,6.44
青岛啤酒官方账号,0,3,0.22
LeaferJessica,6,11,0.14
橘井三_,9,52,13.7
奶豆豆pcy,1253,15,54.65
月儿家的芷落,0,8,0.2
静物基础教程,3,30,0.14
Better_free,2,60,0.06
乡村小路请带我回家,216,178,2.17
伴你步入仲夏林海,1,8,0.04
-Omicron-,0,3,0.07
SAGA三亚,2,1,0.58
立空而归俯世,9,52,14.49
AkashiAshes,1087,69,228.61
Joyoungster,108,101,0.29
经济模拟器,1,2,0.02
CONIMLY,3,15,0.04
草莓味滴little-plan3et,3593,2000,6.3
HeB1,516,20,87.41
Jane__Doe,8,100,0.1
小马今天不回家,0,3,0.21
影子你能陪我累么,22,15,0.22
蜂蜜煮酒,0,6,0.13
Kepler_Pathfinder,0,11,0.19
寄生____,1,1,0.02
Moonstutu,231,42,0.92
蓉蓉蓉鹅,5,31,0.24
人民路_彭于晏,2,5,0
熬夜的鱿鱼卷,9,39,0.16
made_in_Jahseh,12,48,0.24
曲少臣,127,15,96.61
呆若木一,38,74,34.3
NASAPartyClub,0,3,0.77
元气大屋,137,111,43.6
allaboutselfhealing,0,22,0.01
今天我也不开心哦,1,20,0.02
啵啵虎丫丫,0,14,0.03
Mild_Gum,150,321,0.53
nephrosoupp666,0,5,1.03
南辰哥哥i,0,4,0.11
北冥有鱼AnBu,0,4,0.01
云村Mr-A,389,284,11.95
挚爱lara,0,11,0.08
金伊伊-,0,5,0.18
阿阿阿阿鲸,0,3,0.1
乔阿寂,3,5,0.23
dreaming_melody,3,5,0.01
scorpio-S78,2,0,1.35
这一棒叫错过,0,6,0.09
白日梦少女--,1,13,0.13
一周热门速报,35,10,38.2
远山雾漫风间雪,0,44,0.49
MamatjanAbdukadir,41,57,19.14
Anotherzyl,0,12,0.03
小红帽听歌的地方,2,8,0.28
A7iMusic,63,353,120.11
小朱桃桃子,49,37,0.06
完美的灵魂,2400,69,482.13
账号已注销去中考,26,211,0.81
吉永百合,0,9,0.08
脸黑的男神,4,70,0.04
潜龙66,0,5,0.03
顾若尘-,16,17,0.09
我想當辣妹,11,44,0.03
咭_Rollingstar,64,63,0.12
食渐出真脂,1,1,0.09
paper猹,58,107,3.51
玩什么女支云,7,155,0.17
派大星和摄魂怪,0,12,1.05
Mr明川,0,6,0.04
Venusmist,0,4,0.03
-Herbert-von-Karajan-,220,364,3.53
hwre,0,1,0.04
馋涡,2,20,0.07
吃掉可可兒,1,5,0.44
EKKSTACY,2,9,2.25
阿茶的梦游仙境,5,0,30.03
Shamshui,1,4,0.03
AlbertWeyn,18,39,0.23
一丁耶,2,47,0.02
Yoi2333,7,44,0.07
Alio4,0,42,0.15
2l-Savage,10,45,2.36
小伙汁摇点碧莲吧,17,196,1.16
Hope-Scope,0,37,0.04
_Neophyte,361,128,18.5
AfterShokz韶音,0,3,2.84
A1prazolam,2,0,0.13
葱妹儿emonion,886,45,1.36
巧爷_RSyV,9,7,0.03
c仙辞,3,3,0
S峰烏,7,88,0.07
HYueJuan,9,15,0
Wooozy_cn,0,3,0.61
Let_life_boil,453,62,123.8
霉小猫咪,73,175,0.68
光速Qa会吗,5,13,0.05
5000恶魔,3,445,1.79
WiFi歪歪,46,52,94.62
LukeCage,268,241,0.44
17岁的网易云c,0,6,0.01
太阳女神经_M,0,0,0.28
Obidala,116,97,0.24
TYNAN_Official,155,9,56.9
性情_amOG,0,5,0.03
Dasher-,51,119,0.95
M-林欣晗,0,16,0.03
故事文案,0,0,0
黯淡的夜空,0,8,0.04
AnJoey,4,11,0.06
Sefa天下第一吹,128,1099,6.74
Walker-46794,76,684,0.94
赵婉卿_,79,10,199.33
ComicBoi_阿兴,683,285,5.68
恰如你所爱,3,3,2.2
LQ李茜,100,36,68.58
小别克music,0,34,0.29
渣爷的女朋友,24,67,0.06
仿生北京人会梦到电子涮羊肉吗,1,7,0.03
旋转卡壳-,24,324,2.09
Huntokurr,11,14,0.15
X-影袭,23,2,0.04
HYPEBEASTCN,16,0,0.87
Panny-0211,1,11,0.13
Kyrie透,6,32,0.11
缺乏睡眠的阿音,9,15,0.04
没有苹果就吃糖,0,10,0.04
王囝DeeDee,3,20,4.35
yijianhanshuang,1443,276,11.34
Clearlove1026,19,62,0.4
Pop_Leading,0,2,2.51
煮金刚,2435,0,0.62
___Eon___,6,18,0.03
菠萝啊_,0,5,0.26
山下智搏,125,100,658.68
_晚安u,0,5,0.05
WikS959,4,0,2.61
神也羡我柏华,0,6,0.12
Eye-conique,22,198,1.64
我会给你买花,12,61,0.29
Jk_purple,1,17,0.02
米冷milev,4,11,0.05
无法言语_kJoi,0,11,0.01
食花怪獸,35,31,0.34
后花园BACKYARD,508,56,351.64
张佳慈,1,21,0.02
Lumilerr,1,4,0.46
三次元家长系品牌放肆Pagenda,3,10,1.09
塞特兰戈洛,214,36,14.33
Cantabile_Y,1,4,0.01
DJ_NAT,3,8,0.09
一起来修灯泡,25,76,0.04
Hero禄禄,63,126,56.81
不爱吃洋葱青椒胡萝卜,6,15,0.09
此乐绵绵,0,238,0.03
丧甜的大海龟,2,13,0.51
李清裕,1,8,0.04
从韩综里捡歌,6,0,0.38
一包芙蓉黄,1,5,0.02
MNIATUTO,4,15,0.11
Markcus,47,152,15.13
shi幻空,0,0,0.03
我是过气网洪,1,2,1.22
我被大橘子秒了,3,9,0.02
跟自己说晚安_,0,4,0.11
记得记得就去,1,24,0.09
Han-_-nn,0,1,0.48
ClairenMusic,2321,75,11.02
Chlasau,0,23,0.01
熵不可逆,1,13,0.25
心爱的爬瘤子,0,8,0.06
星光_7,4,0,0.31
Miyo鲍美瑶,0,2,0.42
AD钙不仅好喝还好听,38,97,19.47
ZHU,233,3,375.06
Mkuag,715,533,36.79
edcdedc,260,133,0.94
MARCION-Official,70,489,0.48
達-瓦-裡-希,8,34,0.04
青城故人,2,9,0.02
仙笙200406,2,7,0.04
李蔬芬儿,30,116,0.52
中读鸭,0,3,7.41
FUTURE-TJR,1,26,0.1
绿鱼哥哥,36,11,0.03
请勿沉迷网易云,110,714,6.47
EgoDope7,2,58,0.74
晚歌-betty,0,13,2.4
失踪人口Redkiller,7,22,297.22
皇家_musILe,1,9,0.02
蒙娜麗莎醬,339,146,0.21
越洋飞机,4,83,3.13
alfiemademe,12,97,1.72
用2G的深宇,3,0,9.96
世界啊这就是你的男人BTS吗,15,174,0.13
唧唧喳喳呀呀,13,29,0.09
iTheChainsmokers,78,485,7.07
圆气健身FREEBRIO,0,3,0.11
月_Walkers,1175,56,0.63
多ris_,36,290,1.55
薛乔酒,38,25,0.16
思罪,65,24,38.64
曜铠不耀,4,84,0.14
寒暄Araincloud,11,55,0.14
香蕉苹果大哈蜜,64,68,0.49
Vvvisual,0,19,0.13
耳耳耳耳耳耳耳耳,63,2,11.71
GODSCOUNTRY,20,133,0.83
RockRose_OnCeaseFire,3,454,1.39
djsu,37,20,3.57
藻岛岛,55,66,0.21
PremierMC,8,12,0.17
东野Live,450,178,42.22
如果你是胡某某,2,43,0.17
Anonymous_A匿名,0,55,0.13
小林甜奈,0,17,0.07
浔希,1,6,0.03
糖又吃多了,0,16,0.03
CLUBMEMEGuiping,0,3,0.05
Juden_Wittgenstein,273,627,6.13
wxxXqyy,3,2,0.03
摇滚学人,197,28,12.97
花-火星ETyu,63,72,1.29
薇薰,143,0,1.42
我事匿名,18,735,5.24
读来猪有会着倒,6,0,0.01
关于宇宙深处,10,99,0.18
RunWxxx,1,22,0.13
深圳SuperFace俱乐部,1,11,0.07
UnderneathItAll,1,313,0.7
DAS_Anac,89,351,2.94
Re-LLLight,0,5,0.01
微风不燥love包头,3,21,0.02
圣诞快乐_劳伦斯先生_Ze7b,3,67,0.08
deadmau5-Minecraft-云村守墓者,252,909,4.69
AstridSmusic,10,4,262.74
甜COOL女孩,4,4,0.02
鱼头不是芋头,15,66,0.36
Hyde-LIKE-DJ,16,246,3.7
IrFan26,7,5,1.06
#NAME?,0,13,5.95
-Anesthesiologist-,31,52,0.19
把你爹挂树上,1,4,0.01
MelanieMartinezCollection,824,100,24.77
GabrielFeng,12,48,0.12
Birdy唯一指定女票,257,618,5.35
Androgynylimb,14,56,0.65
#NAME?,0,20,0.05
AlaemirYoung,99,2000,3.32
对网易云心动_,1,2,0.13
放两颗方糖,171,10,31.95
网友苏念_,6,0,6.67
#NAME?,15,6,0.08
就是梁豆豆啊,0,122,0.02
吴凊潮,2,115,1.53
蒋丞选手-昊然-BFS,252,42,19.98
Znkormille,9,128,0.37
百度大学校长,15,21,0.16
9--01,0,3,0
52赫兹人的故事,58,6,1.03
仙女君睡懵了,0,4,1.31
有点儿想要两个西柚,0,7,0.02
o_oohh,68,49,0.34
DavidTaomo,1,4,0.02
阳岳-star,13,77,0.13
浅雾幻千,0,65,0.1
薛定谔的好多鱼,0,22,0.04
KidCarter,71,120,2.16
-牛超牛的魔杖-,110,58,1.77
一芸w,5,6,0.08
此人已沉迷学习无法自拔,1,13,0.35
向往圣莫里茨的汪,30,48,0.07
996Seven,15,147,2.34
你滴小可爱a,1,17,0.02
东方ter,0,7,0.02
苍穹向暖,33,36,0.03
clan栍,0,1,0.09
cloudy-day00,352,50,12.42
小叶乔治,1,2,0.09
秋様,0,1,0.02
不囿moon,0,7,0
Hollyllll,1,23,0.09
IiIuzivert,156,195,3.35
水果霉霉,0,22,0.02
陆渭霆子,0,19,0.19
Saul-Young,22,57,4.73
Kira一叶,8,39,0.01
此用户已注销了a,123,243,2.15
_-旧人不覆-_,0,2,0.01
医学院的牙膏,0,43,0.05
卡尔导,57,120,69.48
易只烊_爬树,4,8,0.14
KidoYup,14,15,1.14
子兑-sy,10,7,0.03
霁川肆_,18,61,1.2
山如涛,1,29,0.03
初梦Remix,173,31,15.03
Hao不爱吃蔡丶,8,31,0.2
TaylorSwiftMito_Gallery,286,572,7.09
拢袖酿山河,0,8,0.14
一只活憨憨,10,41,0.27
Gutsss-,14,6,0.57
l你是个好人,4,2,0.08
Better_call_saul,24,4,0.01
是小龙人哦,85,31,4.91
大粪炒青椒,1,31,0.11
迟到大王不迟到了,30,41,1.93
CharliePuth_Updates,1089,51,140.29
完美Dan,310,73,0.74
Gupupu,0,0,0.2
REDNIF,24,9,3.5
爱吃西瓜的鱼丸粗面呐,8,22,0.04
Unhappy_Refrain_,0,10,0.07
orangepr,0,25,0.01
STEAK00,0,11,0.08
Weirdo04_,17,25,3.34
Angelzz_,0,2,0.06
Breederjc,0,4,0.04
越然喜雨,27,27,0.68
金丶木丶君,3,4,0.16
QL雨笙,0,17,0.01
Troubadour-to-you,1112,59,0.57
AG超玩会化腾,5,18,0.09
爱吃炸鸡的七特,24,61,7.16
贺朝夫斯基_07,0,51,0.08
南宫_,2,12,1.28
Dull_rare,0,42,0.14
MusicalNews,4174,86,55.05
YXQ_1,0,3,0.03
小瓜是路人,0,9,0.01
AIanWalker_Official,21,43,0.6
美国民谣,11,19,2.26
KyotoFirework,26,11,0.54
Jumper2046,455,42,0.31
音乐主播金太敏,0,3,0
新叶枝桠,44,21,0.1
DaleChen,2,182,0.22
旭瞭啊,4,29,0.34
XlaughtER,25,212,0.55
瑗梦qwq,81,492,7.49
Oh小屁虫,1,23,0
浅缘尘,18,88,0.82
膝蓋咯咯響,0,2,0
你需要定制黑人抬棺吗,3,2,0.1
邢茜筱邢茜筱,1,65,0.06
Grickers,12,288,0.46
-SmashTheHouse-,37,61,0.27
al-i-hav-iz-LUCK,32,15,0.25
Rez_ero,2,15,0.05
蕾辣椒,4,25,0.08
ZnOH2,0,25,0.14
杜绍斐,40,21,14.63
未归家的将离,0,4,0.06
一迢锦鲤,109,116,0.61
勒溪,55,12,123.27
跑步要第一名,11,30,0.05
MOD俱乐部,16,72,0.68
星星草莓碎,13,90,0.26
AliKiKO,0,1,0.01
吃货不是痴货噢刘hi-hi,8,24,0.12
ZacBrownBandofficial,0,58,0.22
帛曳-光明天使,0,0,0.05
#NAME?,0,42,0.08
TAIDS,0,44,0.04
菜虚瑞,0,4,0.02
Kaiserrrcat,42,60,0.44
GoldName,25,203,0.55
Neighbourless,0,160,0.27
TonesAndIFansClub,159,159,5.18
Mereismere,11,11,0.09
此帳號已登出,10,37,0.06
I歖瑍I,0,4,0.36
Pityfall,16,122,0.29
全民莫白,4,20,0.11
Chihiro_fl,3,53,0.07
YangHuddadM,1,41,0.21
zzzzQvQ,3,12,0.05
像鱼记住海的拥抱quq,3,6,0.04
新佑卫门1812,0,4,0.01
Taylia,0,7,0.01
Darui666,19,5,1.44
小羊今天也要努力,2,40,0.23
蕾丝好帅啊,0,33,0.06
银河系的宠儿_Gwak,0,20,0
纯纯正正东宫女孩,4,23,0.03
Dppp_P,0,49,0.04
恩逸_O3碾,0,3,0
Olly_bae,67,26,0.46
蹦次儿次儿,0,1,0.01
DoubleJ大爆击,0,21,0.11
杲落尘,0,34,0.01
jsydud,0,6,0.01
灵空SKY,31,60,0.3
小伍宙,4,83,0.03
Neymar-------,0,5,0.01
小呆毛LittleDemo,2,18,0.01
confident-自信,16,13,0.09
曲明斐,0,13,0.02
onesevena,5,38,0.46
SkyplaceCeCeCeCeCe,53,29,0.25
肖琬婧,0,12,0.1
璽xi__,2,11,0.06
Twisted_Insane,24,66,0.3
中场阴谋家法兰克金,1,7,0.18
北岛wuil,1,27,0.09
Mei4z,0,8,0.07
34Simmons,0,44,0.09
极端了些吧-,0,25,0.04
waaaasted,1,33,0.1
呔妖怪哪里逃-,1,19,0.01
wxyma,0,5,0.01
Miko小希,0,3,0.03
湖边湖告别黑暗星球,57,96,2.95
人间百味鹿_loey,617,16,43.6
是叶斯力,0,1,0.19
夜店工作者编导老T,10,27,1.81
蒽仔是人间四月天,0,6,0.03
一个无声的小聋子,0,19,0.04
秦憨憨在线逼逼,44,133,0.12
Kevin-2333,6,17,0.03
睏夢,1,51,0.07
进击墨子号1909,1,16,0.03
没有故事了丶,0,17,0.05
Tomorrowland_Official,344,175,11.63
AVICII-TimOfficial,154,188,0.64
我是啊山哩,11,31,0.07
卍奈布丶白茶唯我独尊_卍,231,127,0.94
MelanieMartinezNews,371,255,5.5
Love-J_Depp,67,226,1.12
Calais-and-dover,0,4,0
某莉子,0,3,0.1
唯梦想与爱不可辜负180707,0,12,0.04
文刂川原,10,55,0.27
KIKI今天秃了吗,3,9,0.13
夜风xi,0,7,0
阿咩nbb,0,11,0.06
千幻灵音,0,9,0.03
木笙2610,2,39,0
陌阳光鹿,0,10,0.01
AG超时空俱乐部,14,4,213.06
驯龍shou,0,4,0.02
funnnyyyyyyyyy,0,10,0.04
VitoAndolini,0,37,0.3
叮砰相,0,3,0
叽哩咕噜嘟噜,12,132,0.1
ValleyGlacier,197,36,0.51
艺MinDo,0,11,0.02
潮黒,2,5,0.05
Lileraser,28,17,0.03
#NAME?,0,5,0.02
-Kudos-,32,4,0.75
蜜蜂斯汀琳,2,18,0.09
人民之父-路易十二,0,7,0.03
哎一古BK,4,56,0.02
人间星河_元子,1,4,0.03
SoundOfHazel,79,109,8.38
Zhao_GrWt,1,8,0
千城倾卿,0,11,0.02
Hoffnung1905,0,4,0.02
奶万991,0,16,0
Shade_RRR,3,17,0.06
别听妖怪怪哼,4,32,0.03
是小Aaa同学啊,0,9,0.02
俞迟的暮久,7,14,0.44
雪纂麋鹿,15,44,0.07
奶昔团子吖,143,38,1.41
耶汁超甜,13,87,1.2
雪之下-遠坂凜RinTohsaka,493,852,8.34
baiqlle,6,24,0.14
姬盛,0,11,0
昨天说晚安,0,8,0.01
Tuple_Land,40,46,1.75
挽月叭,0,15,0.01
musey_a,5,45,0.33
billiemyex,1,25,0.43
Cynosureee,0,21,0.1
何子蓦,2,16,0.1
刺客伍六七_ss,4,8,0
路子壹one,0,16,0.01
流花倒影,14,52,0.04
皮卡丘不是shou,0,14,0.06
羊崽跑得快,1,5,0.03
YJ-餘悸,1,22,0.02
老打把,5,37,0.05
念北_95,0,1,0
姜悦July,0,7,0.02
头戴三叉束发紫金冠的吕小布,0,6,0.05
white病娇糖,7,15,0.05
Miss-陌巷,0,5,0.01
昭苏小七七,0,89,0.11
祝哈儿,2,23,0.16
lunardoggy,1,39,0.03
加纳殡仪公司总负责人,0,6,0.04
Groupie-LOVE,0,30,0.11
WY乌云-,0,12,0.02
欢喜电音的民谣小仙女,86,65,0.89
自闭少年孤寂,3,16,0.1
An迪-,1,30,0.21
涵彦-,0,5,0
江山不复,2,15,0.22
老炸鸡,13,195,8.81
小荣华青啊魚nana,1,9,0.03
Pedalox,4,3,0.03
玛卡巴卡唔丶,0,6,0.02
Kelly-喜欢喝可乐,63,10,0.06
星河漫漫_Meteor,0,6,0.01
火火-R社,13,13,14.13
ErfanimOffical,102,519,21.18
okayyyyy,0,22,0.02
TinYBooM1223,5,12,0.01
沐怡蒂熙,2,29,0.05
FUGCHVJHV,0,84,0.03